{"bounds":{"east":118.015222549438,"north":42.0044231414795,"south":38.9869594573975,"west":114.969778060913},"contentType":"quantizedmesh","latLonBounds":{"east":118.015222549438,"north":42.0044231414795,"south":38.9869594573975,"west":114.969778060913},"maxzoom":14,"minzoom":0,"proj":4326,"tiletrans":"tms","type":"terrain","ziped":false}